{"uid":"98d3104e051c652961429bf95fa0b5d6","name":"suites","children":[{"name":"tests","children":[{"name":"test_example","children":[{"name":"test_add","uid":"6b98c9fc91875d2a","parentUid":"d892bcee413138327cd64de6b84adf04","status":"passed","time":{"start":1767866093115,"stop":1767866093115,"duration":0},"flaky":false,"newFailed":false,"newPassed":false,"newBroken":false,"retriesCount":0,"retriesStatusChange":false,"parameters":[],"tags":[]}],"uid":"d892bcee413138327cd64de6b84adf04"}],"uid":"e387fa4bb326b54ea8c19c2822aba374"}]}