{"uid":"ab17fc5a4eb3bca4b216b548c7f9fcbc","name":"timeline","children":[{"name":"runnervmh13bl","children":[{"name":"2181-MainThread","children":[{"name":"test_add","uid":"d48d2bccc9b3d032","parentUid":"ebf342d4b37079efdb7f353c8ac47501","status":"passed","time":{"start":1767865792897,"stop":1767865792897,"duration":0},"flaky":false,"newFailed":false,"newPassed":false,"newBroken":false,"retriesCount":0,"retriesStatusChange":false,"parameters":[],"tags":[]}],"uid":"ebf342d4b37079efdb7f353c8ac47501"}],"uid":"ea2892d3dd212499d59fe7eaa57d5ec0"}]}