{"uid":"ab17fc5a4eb3bca4b216b548c7f9fcbc","name":"timeline","children":[{"name":"runnervmi13qx","children":[{"name":"2163-MainThread","children":[{"name":"test_add","uid":"6b98c9fc91875d2a","parentUid":"ab92ab3fd8aeb0f0521d7a0d3774bcaa","status":"passed","time":{"start":1767866093115,"stop":1767866093115,"duration":0},"flaky":false,"newFailed":false,"newPassed":false,"newBroken":false,"retriesCount":0,"retriesStatusChange":false,"parameters":[],"tags":[]}],"uid":"ab92ab3fd8aeb0f0521d7a0d3774bcaa"}],"uid":"d4b4a48271534befc4e4ee900405531d"}]}